{
  "navbar": {
    "home": "ACCUEIL",
    "steps": "5 \u00c9TAPES DE",
    "explore": "Explorer",
    "decide": "D\u00e9cider",
    "basket": "Panier d'outils",
    "roadmap": "Feuille de route",
    "stayconnect": "Rester connect\u00e9",
    "catalog": "CATALOGUE DES OUTILS"
  },
  "footer": {
    "verse": "Go\u00fbtez et voyez que le Seigneur est bon. Heureux celui qui se r\u00e9fugie en Lui!",
    "ref": "Ps 34: 8",
    "details": "Se familiariser",
    "about": "\u00c0 propos de nous",
    "faq": "Questions fr\u00e9quemment pos\u00e9es",
    "contact": "Contact",
    "copyright": "Copyright \u00a9 2019 SIL International",
    "privacy": "Politique de confidentialit\u00e9 | Conditions d'utilisation"
  },
  "user": {
    "remember": "Souviens-toi de moi",
    "forgot": "Mot de passe oubli\u00e9",
    "alertVerify": "S'il vous pla\u00eet v\u00e9rifier votre e-mail et v\u00e9rifier votre adresse e-mail pour activer votre inscription.",
    "matchError": "Les mots de passe ne correspondent pas",
    "accept": "Je suis d'accord pour accepter les termes de la politique de confidentialit\u00e9",
    "alredyRegistered": "D\u00e9j\u00e0 enregistr\u00e9?",
    "note": "Note:",
    "noteMsg": "S'il vous pla\u00eet utiliser votre adresse e-mail de l'organisation pour vous inscrire, afin d'assurer un traitement imm\u00e9diat. Dans le cas, si vous ne disposez pas d'une adresse e-mail d'une organisation Ecriture d'engagement autoris\u00e9, vous devrez passer par des \u00e9tapes suppl\u00e9mentaires pour l'enregistrement."
  },
  "home": {
    "title": "Go\u00fbtez et voyez que le Seigneur est bon ... Voici comment en 5 \u00e9tapes",
    "subTitle": "Plusieurs langues? De nombreux besoins? aucun probl\u00e8me",
    "catalogTitle": "D\u00e9couvrez ces cat\u00e9gories et quels sont les outils disponibles."
  },
  "steps": [
    {
      "id": 1,
      "code": "explore",
      "title": "Explorer",
      "video_url": "/static/video/banner/explore.mp4",
      "description": "L'exp\u00e9rience et les commentaires des communaut\u00e9s du monde entier nous a appris qu'il ya des 8 principales conditions qui d\u00e9terminent si les gens utiliseront leur Bible et la vie sera transform\u00e9e. Dans la section EXPLORER, nous vous aidons \u00e0 comprendre chacune de ces conditions et de les \u00e9valuer dans votre communaut\u00e9."
    },
    {
      "id": 2,
      "code": "decide",
      "title": "D\u00e9cider",
      "video_url": "/static/video/banner/decide.mp4",
      "description": "Dans la section Decide examinera les outils et les strat\u00e9gies possibles qui contribueront \u00e0 renforcer les conditions faibles de votre situation. Lorsque nous renfor\u00e7ons ces conditions, il augmente l'impact Parole de Dieu aura."
    },
    {
      "id": 3,
      "code": "basket",
      "title": "Panier",
      "video_url": "/static/video/banner/basket.mp4",
      "description": "Sur le panier page, vous verrez tous les outils que vous avez choisi et sont actuellement dans votre panier Communaut\u00e9. Si vous avez s\u00e9lectionn\u00e9 seulement quelques outils ou beaucoup, ici, vous commencerez \u00e0 prendre des d\u00e9cisions sur la fa\u00e7on de proc\u00e9der \u00e0 vos outils. Vous pouvez \u00e9galement partager vos s\u00e9lections et voir ce que vos pairs disent."
    },
    {
      "id": 4,
      "code": "roadmap",
      "title": "Feuille de route",
      "video_url": "/static/video/banner/roadmap.mp4",
      "description": "Une personne pourrait mettre sur un voyage sans un plan, mais un peu de planification peut aller un long chemin pour nous emp\u00eacher de partir dans la mauvaise direction, ce qui rend un mauvais virage, ou de manquer de ressources pour nous ne sommes jamais \u00e0 notre destination. C'est ce que la page roadmap est tout au sujet. Il vous aidera \u00e0 planifier de sorte que vous pouvez le faire \u00e0 votre destination, et que vous pouvez le faire avec aussi peu de revers et les frustrations que possible."
    },
    {
      "id": 5,
      "code": "stayconnected",
      "title": "Rester connect\u00e9",
      "video_url": "/static/video/banner/stay-connect.mp4",
      "description": "Il y a beaucoup de fa\u00e7ons dont vous pouvez rester connect\u00e9 avec vos pairs \u00e0 travers le monde. Ajouter des photos et des vid\u00e9os montrant les outils de votre communaut\u00e9 utilis\u00e9, \u00e9crire quelques commentaires utiles, raconter des histoires, ou discuter de choses que votre communaut\u00e9 a appris ou poser des questions que vous pourriez avoir."
    }
  ],
  "homecategories": [
    {
      "id": 11,
      "image": "01mobile.jpg",
      "title": "Mobile"
    },
    {
      "id": 7,
      "image": "02children.jpg",
      "title": "enfants"
    },
    {
      "id": 5,
      "image": "03orality.jpg",
      "title": "oralit\u00e9"
    },
    {
      "id": 3,
      "image": "05video.jpg",
      "title": "Vid\u00e9o"
    },
    {
      "id": 2,
      "image": "04audio.jpg",
      "title": "Audio"
    },
    {
      "id": 6,
      "image": "06socialmedia.jpg",
      "title": "Des m\u00e9dias sociaux"
    },
    {
      "id": 11,
      "image": "07gadget.jpg",
      "title": "Gadgets"
    },
    {
      "id": 1,
      "image": "08sotrying.jpg",
      "title": "Histoires"
    }
  ],
  "general": {
    "language": "LANGUE",
    "steps": "PAS",
    "watchVideo": "Cliquez ici pour regarder Comment utiliser cette page?",
    "chooseLanguage": "Choisissez la langue",
    "progress": "Suivez vos progr\u00e8s",
    "selection": "Fini avec votre s\u00e9lection?",
    "move": "D\u00e9m\u00e9nager \u00e0",
    "itemsCompleted": "articles termin\u00e9s",
    "learnMore": "En savoir plus sur les 5 \u00e9tapes."
  },
  "button": {
    "next": "L'\u00e9tape suivante",
    "view": "Vue",
    "browseAll": "VOIR TOUT",
    "watch": "Montre comment utiliser",
    "watchMobile": "Vid\u00e9o",
    "learnmore": "APPRENDRE ENCORE PLUS",
    "goto": "Aller \u00e0",
    "checkit": "V\u00e9rifiez-le",
    "browseNow": "Parcourir maintenant",
    "signIn": "se connecter",
    "register": "S'inscrire maintenant",
    "login": "Connecte-toi maintenant",
    "reset": "r\u00e9initialiser le mot de passe"
  },
  "explore": {
    "intro": "Donnez votre avis sur chaque carte ci-dessous et choisir la fa\u00e7on dont les taux communautaires chaque condition: forte, moyenne ou Weak.There est en dessous de chaque autre explication carte ou cliquez sur la vid\u00e9o. Toutes vos r\u00e9ponses seront pr\u00eats pour votre examen et de l'action \u00e0 l'\u00e9tape 2.",
    "howStrong": "Quelle est la force de cette condition actuellement?"
  },
  "decide": {
    "title": "Votre INSTANTAN\u00c9 communautaire",
    "intro": "Cliquez sur '<i className = \"fas fa-meh\"> </ i>' et '<i className = \"fas fa-froncer les sourcils\"> </ i>' cases ci-dessous et faites d\u00e9filer vers le bas pour voir + s\u00e9lectionner les outils \u00e0 aider \u00e0 augmenter l'impact dans votre communaut\u00e9.",
    "congratulations": "TOUTES NOS F\u00c9LICITATIONS!",
    "popupText": "Ces conditions sont d\u00e9j\u00e0 forte dans votre communaut\u00e9, pas besoin de travailler sur eux en ce moment, se concentrer plut\u00f4t sur les conditions des deux autres cases, moyen et faible."
  },
  "basket": {
    "yourBasket": "votre panier",
    "items": "articles"
  },
  "roadmap": {
    "intro": "S\u00e9lectionnez un outil pour cr\u00e9er / Edit plan, votre travail sera automatiquement sauvegard\u00e9 afin que votre communaut\u00e9 peut travailler sur la feuille de route multiples en m\u00eame temps",
    "alert": "S'il vous pla\u00eet vous inscrire connexion / acc\u00e8s feuille de route des \u00e9v\u00e9nements"
  },
  "catalog": {
    "title": "Catalogue des outils",
    "featuredTools": "Outils en vedette",
    "featuredCategory": "Cat\u00e9gorie en vedette",
    "mobile": "Mobile",
    "mobileText": "Utilisez votre t\u00e9l\u00e9phone pour vous connecter et de diffuser la Parole de Dieu. Nouvelle innovation!",
    "oralitytext": "Impact sur les apprenants oraux dans votre communaut\u00e9"
  },
  "about": {
    "para1": "Ce site a \u00e9t\u00e9 un effort d'\u00e9quipe, cr\u00e9\u00e9 pour notre espoir partag\u00e9 pour voir les communaut\u00e9s d'impact Parole de Dieu dans le monde.",
    "para2": "Nous sommes reconnaissants pour les g\u00e9n\u00e9reuses contributions du personnel, le financement et la pri\u00e8re.",
    "contactUs": "NOUS CONTACTER"
  },
  "privacy": {
    "para1Title": "Politique de confidentialit\u00e9 | Conditions d'utilisation",
    "para1Des": "Ce site est un service g\u00e9r\u00e9 par SIL International pour servir les communaut\u00e9s linguistiques dans le monde entier. Notre adresse de contact postal est SIL Langue Technologie, 7500 West Camp Wisdom Road, Dallas, TX 75236, \u00c9tats-Unis. Cette politique de confidentialit\u00e9 et la conservation des donn\u00e9es s'applique uniquement \u00e0 ce qui est pr\u00e9vu par ce service \u00e0 tastesee.org, et non \u00e0 d'autres services de SIL International. SIL International est conscient de la confiance que vous placez en nous et notre responsabilit\u00e9 de prot\u00e9ger votre vie priv\u00e9e. Si vous nous fournissez des donn\u00e9es personnelles, y compris votre nom et votre adresse e-mail, nous prot\u00e9gerons en toute s\u00e9curit\u00e9 ces informations et ne pas fournir \u00e0 des tiers. Nous nous r\u00e9servons le droit de permettre aux administrateurs tastesee.org d'afficher vos informations personnelles et de vous contacter \u00e0 l'adresse e-mail que vous fournissez afin de vous aider. L'activit\u00e9 sur ce site peut \u00eatre enregistr\u00e9 pour am\u00e9liorer le service et de sa s\u00e9curit\u00e9 - afin d'identifier les sch\u00e9mas d'utilisation g\u00e9n\u00e9raux afin d'am\u00e9liorer le service, pour aider \u00e0 traiter les demandes et les demandes des utilisateurs, et de lutter contre le spam, l'utilisation non sollicit\u00e9 et inappropri\u00e9e du service. Les donn\u00e9es qui sont identifi\u00e9es avec vous ou votre adresse IP seront uniquement utilis\u00e9es en interne et ne seront pas divulgu\u00e9es \u00e0 d'autres. Les statistiques peuvent \u00eatre g\u00e9n\u00e9r\u00e9es sur la base de ces donn\u00e9es et partag\u00e9es avec d'autres, mais ne contiennent jamais d'informations d'identification personnelle. Nous utilisons Google Analytics, un service d'analyse de site internet fourni par Google Inc. ( \u00ab Google \u00bb). Google utilise les donn\u00e9es recueillies pour suivre et examiner l'utilisation de www.tastesee.org, pour pr\u00e9parer des rapports sur ses activit\u00e9s et de les partager avec d'autres services Google. Nous utilisons ces donn\u00e9es Google Analytics pour am\u00e9liorer nos propri\u00e9t\u00e9s Web en ligne, produits et services. Nous ne partageons pas, vendre, louer ou louer cette information \u00e0 quiconque en dehors de SIL. SIL International n'envoie pas de courrier \u00e9lectronique non sollicit\u00e9 ou \u00ab spam \u00bb et ne vend pas, louer, ou le commerce de ses listes de courrier \u00e9lectronique \u00e0 des tiers.",
    "para2Title": "Conditions d'utilisation",
    "para2Des": "Les ressources disponibles sur le site SIL International sont destin\u00e9s \u00e0 la recherche scientifique non commerciale et l'utilisation p\u00e9dagogique. Vous pouvez faire des copies de ces publications pour la recherche ou \u00e0 des fins d'enseignement, conform\u00e9ment aux SIL d'utilisation \u00e9quitable Directives gratuitement et sans autorisation. Republication ou usage commercial de quoi que ce soit sur le site SIL International (sauf indication contraire) est express\u00e9ment interdite sans le consentement \u00e9crit de SIL International. Vous pouvez cr\u00e9er des liens vers des pages sur ce site (avec attribution appropri\u00e9e), mais vous ne pouvez pas miroir (\u00e0 savoir, placer des copies de ces documents), en tout ou partie, sur votre site sans l'autorisation de SIL International"
  },
  "faq": {
    "title": "Questions fr\u00e9quemment pos\u00e9es",
    "qa": [
      {
        "que": "Qu'est-ce que Taste & See?",
        "ans": "Taste & See est un outil d'engagement Ecriture bas\u00e9e sur le Web qui aide les \u00e9glises et ceux qui les servent obtenir une image plus claire de leur propre milieu et de ce que les produits de la Bible serait vraiment aider leur communaut\u00e9."
      },
      {
        "que": "Comment les communaut\u00e9s d'aide Taste & See?",
        "ans": "Taste & See utilise un outil de diagnostic bas\u00e9 sur huit Wayne Conditions Dye \u00e0 aider \u00e0 \u00e9valuer la situation de la communaut\u00e9. Et il fournit un catalogue de nombreux outils bibliques et des activit\u00e9s que les \u00e9glises pourraient vouloir utiliser dans les langues qui fonctionnent le mieux pour eux. Ils peuvent d\u00e9cider de traduire ces produits et dans d'autres fa\u00e7ons de les adapter leur cadre."
      },
      {
        "que": "Puis-je naviguer dans le site sans vous inscrire et connectez-vous?",
        "ans": "Oui, vous pouvez. Vous \u00eates libre de naviguer dans l'\u00e9tape 3 si jusqu'\u00e0 l'ajout d'outils et d'examiner votre ce que vous avez mis dans votre panier."
      },
      {
        "que": "Est-ce que mon panier sera sauv\u00e9, si je n'ai pas enregistr\u00e9 ID utilisateur?",
        "ans": "Votre panier sera actif pour cette session particuli\u00e8re que vous \u00eates en ligne. Une fois que vous fermez le navigateur que vous pourrez r\u00e9cup\u00e9rer votre panier jusqu'\u00e0 ce que le cache de votre navigateur ne soit pas effac\u00e9."
      },
      {
        "que": "Puis-je cr\u00e9er plusieurs paniers pour plusieurs langues que je voudrais \u00e9valuer?",
        "ans": "Oui, vous pouvez, mais vous devez vous inscrire et vous connecter pour cela. Une fois que vous avez fait cela, choisissez une langue d'abord, puis cr\u00e9er un panier. Vous pouvez r\u00e9p\u00e9ter les \u00e9tapes 1-3 pour la langue suivante. Pour basculer entre les paniers, il suffit de taper le panier de langue requis que vous souhaitez voir, dans la barre de texte en langue."
      },
      {
        "que": "Comment puis-je utiliser le Restez connect\u00e9 \u00e9tape?",
        "ans": "Cette fonctionnalit\u00e9 ne fonctionne pas encore, mais est en d\u00e9veloppement avec \u00eatre lib\u00e9r\u00e9 dans un proche avenir."
      },
      {
        "que": "Si j'ai besoin d'aide, comment puis-je cela?",
        "ans": "Presque tous les outils fournissent l'aide d'informations de contact avec cet outil sp\u00e9cifique. Mais si vous avez besoin de l'aide li\u00e9e \u00e0 Taste & See, veulent des conseils g\u00e9n\u00e9raux, ou avez une question, s'il vous pla\u00eet, contactez-nous \u00e0 info@tastesee.org."
      },
      {
        "que": "Que faire si je remarque une erreur ou un probl\u00e8me technique?",
        "ans": "Oui, s'il vous pla\u00eet nous aider \u00e0 nous faire savoir ce qui est mal. \u00c9crivez-nous \u00e0 info@tastesee.org"
      },
      {
        "que": "Que faire si mon organisation dispose d'un outil (produit, activit\u00e9 ou description) \u00e0 ajouter au catalogue?",
        "ans": "G\u00e9nial! Nous cherchons \u00e0 donner \u00e0 notre communaut\u00e9 les outils les plus utiles. Alors, s'il vous pla\u00eet, contactez-nous \u00e0 info@tastesee.org sur votre outil."
      }
    ]
  },
  "offline": {
    "title": "Taste & See OFFLINE APP PROCEDURE D'INSTALLATION",
    "method1title": "M\u00e9thode 1 (Mouse approche Friendly)",
    "method1List": [
      "Cliquez sur 'Offline App', lien. Enregistrez le fichier d'installation de l'application sur votre PC",
      "Ouvrez le navigateur Chrome et allez dans Menu> Param\u00e8tres> Extensions",
      "Enclencher \u00ab mode d\u00e9veloppeur \u00bb dans le coin sup\u00e9rieur droit de la page Extensions. (Remarque, cela peut \u00eatre mis hors tension apr\u00e8s l'installation).",
      "Cliquez et faites glisser le fichier d'installation t\u00e9l\u00e9charg\u00e9 (TasteSee.crx) \u00e0 la page des extensions",
      "Une nouvelle fen\u00eatre appara\u00eetra vous demandant de 'Ajouter go\u00fbt et Voir hors ligne?",
      "Cliquez sur le bouton App Ajouter pour terminer l'installation. Taste and See application hors ligne seront d\u00e9sormais install\u00e9s comme App Chrome et le logo appara\u00eetra dans la liste d'applications Google Chrome.",
      "La liste des applications est accessible en cliquant sur le bouton \u00ab Apps \u00bb en haut \u00e0 gauche de la page du navigateur.",
      "Cliquez sur le go\u00fbt et logo Voir pour ouvrir l'application en mode hors connexion."
    ],
    "method2title": "M\u00e9thode 2 (m\u00e9thode de clavier Friendly)",
    "method2List": [
      "Cliquez sur le lien \u00ab Offline App \u00bb. Enregistrez le fichier d'installation de l'application sur votre PC.",
      "Ouvrir le navigateur Chrome et le type chrome: // extension de la barre d'adresse pour ouvrir la page d'extension.",
      "Enclencher \u00ab mode d\u00e9veloppeur \u00bb dans le coin sup\u00e9rieur droit de la page des extensions. (Remarque, cela peut \u00eatre mis hors tension apr\u00e8s l'installation).",
      "Cliquez et faites glisser le fichier d'installation t\u00e9l\u00e9charg\u00e9 sur la page des extensions.",
      "Une nouvelle fen\u00eatre appara\u00eetra vous demandant de 'Ajouter go\u00fbt et Voir hors ligne?",
      "Cliquez sur Ajouter application pour terminer l'installation. The Taste and See se sont install\u00e9es en application Chrome et le logo appara\u00eetront dans la liste des applications. La liste des applications est accessible en cliquant sur le bouton \u00ab Apps \u00bb en haut \u00e0 gauche de la page du navigateur",
      "Cliquez sur le go\u00fbt et logo Voir pour ouvrir l'application en mode hors connexion."
    ],
    "note": "Remarque: l'ordinateur doit \u00eatre en ligne alors que l'installation est en cours afin que la synchronisation des donn\u00e9es App peut avoir lieu.",
    "instructionTitle": "App Usage Instructions:",
    "instructionSubtitle": "Taste Ouvrir et Voir l'application hors ligne (apr\u00e8s l'installation):",
    "instructionList": [
      "Ouvrez le navigateur Chrome.",
      "Ouvrez la page Applications en cliquant sur \u00ab Apps \u00bb en haut \u00e0 gauche coin de la page.",
      "Cliquez sur le logo Taste and See pour lancer l'application hors ligne.",
      "page de connexion appara\u00eet. S'il vous pla\u00eet vous connecter avec votre Taste & See login et mot de passe.",
      "Commencez \u00e0 utiliser la version hors ligne de l'application.",
      "Chaque fois que le syst\u00e8me est connect\u00e9 \u00e0 Internet, cliquez sur le bouton \u00ab Synchroniser maintenant \u00bb pour synchroniser vos donn\u00e9es avec le serveur.",
      "Note 1: Une fois que l'application est install\u00e9e en mode hors connexion, l'utilisateur peut utiliser simplement que, puisque toutes les fonctionnalit\u00e9s de l'application en ligne est \u00e9galement disponible dans la version hors ligne.",
      "Note 2: Il y a une possibilit\u00e9 de synchroniser vos donn\u00e9es avec le serveur afin que est enregistr\u00e9 et conserv\u00e9 et pour votre avenir. Cependant, l'utilisateur peut choisir de ne jamais synchroniser avec le serveur pour conserver leurs donn\u00e9es sur leur propre ordinateur."
    ]
  }
}