[
  {
    "id": 1,
    "title": "Langue: Utilisation des Justes",
    "code": "right_language",
    "status": 1,
    "tagline": "La langue, le dialecte et l'orthographe sont tous appropri\u00e9s pour exprimer la v\u00e9rit\u00e9 r\u00e9fl\u00e9chie biblique.",
    "short_description": "La langue, le dialecte et l'orthographe sont tous appropri\u00e9s pour exprimer la v\u00e9rit\u00e9 r\u00e9fl\u00e9chie biblique.",
    "description": "<P> Quelles langues aident les gens \u00e0 se connecter avec la Bible. Quelles sont les langues utilis\u00e9es dans la communaut\u00e9 sont port\u00e9s disparus et sous quelle forme? Les besoins spirituels vraiment satisfaits par la combinaison des langues utilis\u00e9es dans l'\u00e9glise et la communaut\u00e9 </ p> <p> Quelques indications que les gens se connectent avec l'\u00c9criture dans les formes et les langues dont ils ont besoin sont: </ p> <ul > <li> l'\u00e9glise est notamment la langue locale comme un moyen de montage pour r\u00e9pondre \u00e0 diff\u00e9rents besoins spirituels des gens. dirigeants </ li> <li> \u00e9glise sont au courant des langues parl\u00e9es par leurs congr\u00e9gations et communaut\u00e9s, et nous croyons qu'il existe un appropri\u00e9 lieu pour l'utilisation de toutes ces langues, y compris les langues locales \u00e0 conna\u00eetre Dieu. </ li> <li> les langues utilis\u00e9es pour chaque activit\u00e9 de l'\u00e9glise sont bien compris par ceux qui b\u00e9n\u00e9ficient de ces activit\u00e9s. Les langues que nous utilisons engager le c\u0153ur non seulement l'esprit. </ Li> <li> Les langues \u00e9crites ont les syst\u00e8mes d'\u00e9criture qui sont accept\u00e9s. Les langues parl\u00e9es ou dialectes sont consid\u00e9r\u00e9s comme corps pour l'activit\u00e9 religieuse. La langue utilis\u00e9e pour l'\u00e9criture est consid\u00e9r\u00e9e comme appropri\u00e9e pour les textes sacr\u00e9s et pour l'utilisation est l'\u00e9glise </ li> </ ul> <h6> D'apr\u00e8s nos conversations, notre communaut\u00e9 se sent cette condition est la suivante:. </ H6> <p> <strong> forte: </ strong> Tous les besoins sont satisfaits par l'utilisation des langues locales </ p> <p> <strong> moyenne:. la plupart des besoins </ strong> sont respect\u00e9es, mais certaines personnes n'ont pas un bon acc\u00e8s \u00e0 l'\u00c9criture en raison de la langue utilis\u00e9e, ils ne sont pas des produits de l'\u00c9criture dans leur propre langue </ p> <p> <strong> faible:. </ strong> les besoins ne sont pas satisfaits. La plupart des gens n'ont pas acc\u00e8s \u00e0 l'\u00c9criture en raison des langues ou dialectes qu'ils utilisent l'\u00c9criture-est uniquement disponible dans d'autres langues qu'ils ne comprennent pas bien. </ P>",
    "picture": {
      "url": "explore/condition1.jpg"
    },
    "video": {
      "url": "\u00e9tat / right_language.mp4"
    },
    "sort_index": 0,
    "category_id": 29
  },
  {
    "id": 2,
    "title": "Translation: Acceptable Styles",
    "code": "acceptable_translation",
    "status": 1,
    "tagline": "Les gens acceptent le voir-ils la traduction comme la Parole de Dieu.",
    "short_description": "Les gens acceptent le voir-ils la traduction comme la Parole de Dieu.",
    "description": "<P> Voici quelques-unes des fa\u00e7ons que nous savons que l'\u00c9criture traduite est facile pour les gens \u00e0 accepter: </ p> <ul> <li> Les traducteurs sont respect\u00e9s par les gens de notre communaut\u00e9. Ils sont consid\u00e9r\u00e9s comme le genre de personnes qui devraient participer \u00e0 la manipulation de textes sacr\u00e9s. </ Li> <li> dirigeants de l'\u00c9glise et les croyants dans notre approuvent la communaut\u00e9 et promouvoir les traductions utilis\u00e9es et ils voient l'Ecriture traduit par une version pr\u00e9cise de la livres-il la Bible originale leur apprend la v\u00e9rit\u00e9 de Dieu. </ li> <li> les \u00e9glises locales approuvent le style de la traduction comme il convient pour un livre sacr\u00e9, comme la Bible. (Exemples de style: une traduction \u00ab libre \u00bb par rapport \u00e0 un \u00ab litt\u00e9ral \u00bb de traduction.) </ li> <li> dirigeants de l'\u00c9glise approuvent les termes sp\u00e9ciaux utilis\u00e9s dans la Bible comme le salut, la gr\u00e2ce, l'Esprit Saint, etc </. li> <li> les gens pensent que la pr\u00e9sentation des Ecritures produits tels que la couverture, la mise en page, la police, les images, le style de lecture, etc., est convenable un livre sacr\u00e9. </ li> </ ul> <h6> Sur la base sur nos conversations, notre communaut\u00e9 se sent cette condition est: </ h6> <p> <strong> Strong:. </ strong> l'\u00e9glise locale dans notre communaut\u00e9 consid\u00e8re l'Ecriture traduit et format\u00e9 d'une mani\u00e8re qui est acceptable dans notre culture < / p> <p> <strong> moyen: </ strong> les gens ont des pr\u00e9occupations au sujet des produits de l'\u00c9criture, mais ils ne les voient pas comme des probl\u00e8mes majeurs </ p> <p> <strong> faible:. </ strong > Beaucoup de gens dans notre communaut\u00e9 ne vont pas utiliser les produits de l'\u00c9criture \u00e0 cause des choses sont ainsi traduits, ou en raison de son format n'est pas acceptable. </ p>",
    "picture": {
      "url": "explore/condition2.jpg"
    },
    "video": {
      "url": "condition/acceptable_translation.mp4"
    },
    "sort_index": 0,
    "category_id": 30
  },
  {
    "id": 3,
    "title": "Media: Accessible Formats",
    "code": "accessible_format",
    "status": 1,
    "tagline": "Les produits de l'\u00c9criture peuvent \u00eatre utilis\u00e9s par les gens de notre communaut\u00e9 et sont dans des formats qui peuvent \u00eatre lus, vu ou entendu en fonction des besoins.",
    "short_description": "Les produits de l'\u00c9criture peuvent \u00eatre utilis\u00e9s par les gens de notre communaut\u00e9 et sont dans des formats qui peuvent \u00eatre lus, vu ou entendu en fonction des besoins.",
    "description": "<P> Si l'\u00c9criture est mis \u00e0 disposition dans des formes ou des activit\u00e9s qui sont appropri\u00e9 pour les langues un usage de la communaut\u00e9, il y a un meilleur changement que cela va changer la vie. </ P> <p> \u00c9criture peut \u00eatre mis \u00e0 disposition sous les formes suivantes : </ p> <ul> <li> Par mot parl\u00e9 comme les contes, traduction de la Bible orale, et diff\u00e9rents moyens de messagerie audio </ li> <li> A travers les m\u00e9dias populaires comme:. TV, magn\u00e9toscope, lecteur DVD, radio, Internet et les t\u00e9l\u00e9phones mobiles. </ li> <li> les produits de l'\u00c9criture peuvent \u00eatre enregistr\u00e9s, stock\u00e9s et distribu\u00e9s sur les t\u00e9l\u00e9phones cellulaires, cartes micro SD, un lecteur MP3, CD, cassettes, Internet, etc. </ li> <li> Par local ( formes ethniques) d'arts comme la danse, la musique, le th\u00e9\u00e2tre, le tissage, la po\u00e9sie, le chant, le dessin ou la peinture, etc. L'utilisation de formes d'expression culturelle peut parler \u00e0 une personne profond\u00e9ment. </ li> <li> Gr\u00e2ce \u00e0 des documents imprim\u00e9s. Dans ce que les besoins de l'alphab\u00e9tisation des cas \u00eatre mis en place ou doit d\u00e9velopp\u00e9 dans notre communaut\u00e9 </ li> </ ul> <h6> D'apr\u00e8s nos conversations, notre communaut\u00e9 se sent cette condition est la suivante:. </ H6> <p> <strong > Strong:. </ strong> Nos gens ont acc\u00e8s \u00e0 l'Ecriture par plusieurs formats de montage </ p> <p> <strong> moyen: </ strong> il y a plus d'un format disponible, mais nous ne savons pas si elle satisfait les plus grands besoins de notre communaut\u00e9 </ p> <p> <strong> faible:.. </ strong> les besoins sp\u00e9cifiques pour le format ou les m\u00e9dias dans les langues de notre communaut\u00e9 ne sont pas pris en charge </ p>",
    "picture": {
      "url": "explore/condition3.jpg"
    },
    "video": {
      "url": "condition/accessible_format.mp4"
    },
    "sort_index": 0,
    "category_id": 27
  },
  {
    "id": 4,
    "title": "Contexte: Comprendre et savoir",
    "code": "background_knowledge",
    "status": 1,
    "tagline": "Les gens comprennent assez d'histoire biblique, la culture et la th\u00e9ologie \u00e0 donner un sens des \u00c9critures.",
    "short_description": "Les gens comprennent assez d'histoire biblique, la culture et la th\u00e9ologie \u00e0 donner un sens des \u00c9critures.",
    "description": "<P> Notre communaut\u00e9 aura besoin des ressources qui: </ p> <ul> <li> Aider les gens \u00e0 comprendre le contexte historique et culturel de l'\u00c9criture </ li> <li> Aider les gens \u00e0 obtenir un large aper\u00e7u de l'histoire. de l'\u00c9criture pour que les gens puissent comprendre le contexte historique et les relations entre les gens, les \u00e9v\u00e9nements et les livres de l'\u00c9criture. </ li> <li> Fournir un moyen de former le leadership de l'\u00e9glise locale dans les trois ci-dessus les domaines de la connaissance. </ li> <li > Aidez-les \u00e0 \u00eatre en mesure d'enseigner les domaines n\u00e9cessaires de la connaissance et d'autres sujets bibliques </ li> </ ul> <h6> d'apr\u00e8s nos conversations, notre communaut\u00e9 se sent cette condition est la suivante:. </ h6> <p> <strong > Strong: </ strong> les gens ont une bonne connaissance de base pour les aider \u00e0 comprendre bien l'\u00c9criture. </ P> <p> <strong> Moyenne:. </ Strong> Les gens sont souvent confus au sujet des choses dans l'\u00c9criture, parce qu'ils ne comprennent pas bien le r\u00e9glage des histoires et des enseignements </ p> <p> <strong> faible: </ strong> les gens pensent que l'\u00c9criture est un livre \u00e9trange et ils ne croient pas les aide dans leur vie quotidienne </ p>.",
    "picture": {
      "url": "explorer / condition4.jpg"
    },
    "video": {
      "url": "\u00e9tat / background_knowledge.mp4"
    },
    "sort_index": 0,
    "category_id": 25
  },
  {
    "id": 5,
    "title": "Distribution: Facilement accessible",
    "code": "availability",
    "status": 1,
    "tagline": "Tout le monde qui veut des copies de documents de l'\u00c9criture dans leurs diverses formes peuvent les obtenir sans trop d'effort ou le co\u00fbt.",
    "short_description": "Tout le monde qui veut des copies de documents de l'\u00c9criture dans leurs diverses formes peuvent les obtenir sans trop d'effort ou le co\u00fbt.",
    "description": "<P> produits de l'\u00c9criture sont facilement accessibles lorsque:. </ P> <ul> <li> Il y a de bonnes fa\u00e7ons pour la distribution et la vente de l'\u00c9criture produits en ce qui forme pendant des ann\u00e9es \u00e0 venir </ li> <li> Missionnaires et pasteurs savent et communiquer quels sont les produits de l'\u00c9criture locale sont disponibles dans leur r\u00e9gion et o\u00f9 les obtenir. </ li> <li> la technologie moderne tels que les smartphones sont utilis\u00e9s pour rendre l'\u00c9criture disponible. </ li> </ ul> <h6> sur la base sur nos conversations, notre communaut\u00e9 se sent cette condition est: </ h6> <p> <strong> Strong: dirigeants </ strong> \u00c9glise communiquent o\u00f9 obtenir les produits de l'\u00c9criture, et toutes les formes sont disponibles et nous pouvons facilement \u00e0 eux. </ p> <p> <strong> moyen: </ strong> Certaines personnes savent comment acc\u00e9der \u00e0 des produits de l'\u00c9criture, mais pas toutes les formes sont facilement disponibles faible </ p> <p> <strong>. </ strong> Il est en fait difficile pour quelqu'un de se tenir des produits de l'\u00c9criture dans nos langues. </ p>",
    "picture": {
      "url": "explore/condition5.jpg"
    },
    "video": {
      "url": "\u00e9tat / availability.mp4"
    },
    "sort_index": 0,
    "category_id": 28
  },
  {
    "id": 6,
    "title": "Pertinence: la faim spirituelle",
    "code": "spiritual_hunger",
    "status": 1,
    "tagline": "Les gens veulent mieux conna\u00eetre Dieu et la Parole de Dieu r\u00e9pond \u00e0 leurs besoins.",
    "short_description": "Les gens veulent mieux conna\u00eetre Dieu et la Parole de Dieu r\u00e9pond \u00e0 leurs besoins.",
    "description": "<P> Nous savons qu'il ya la faim spirituelle quand les gens se tournent vers les \u00c9critures pour trouver des r\u00e9ponses \u00e0 leurs questions et aide dans leurs luttes. . Les produits de l'\u00c9criture qui parlent directement \u00e0 leurs questions et les luttes vont aider les gens \u00e0 voir la valeur de l'\u00c9criture </ p> <p> Voici quelques fa\u00e7ons de commencer \u00e0 reconna\u00eetre ce que ces luttes sont: </ p> <ul> <li> Qu'est-ce que les questions morales sont les plus pr\u00e9occupantes pour la communaut\u00e9? Par exemple, ce que les choses sont \u00e0 l'origine des gens de se sentir la culpabilit\u00e9 ou la honte? </ Li> <li> Quel traumatisme important est arriv\u00e9 que les gens veulent \u00eatre aid\u00e9s avec? </ Li> <li> Quels rituels sont pratiqu\u00e9s pour la vie ou la mort, ou pour les cycles agricoles? Qu'est-ce qui nous montrent leurs besoins spirituels, leurs croyances et leurs craintes? </ Li> <li> Comprendre ce que la vue locale du monde spirituel est et, en particulier, la compr\u00e9hension de la communaut\u00e9 des esprits ou des dieux. </ Li> <li> a propos de ce genre de choses que les gens ont un sentiment g\u00e9n\u00e9ral d'insatisfaction \u00e0 l'\u00e9gard des solutions actuelles (spirituelles) pour la vie </ li> </ ul> <h6> d'apr\u00e8s nos conversations, notre communaut\u00e9 se sent cette condition est: </ h6> <p> <strong> Strong: </ strong> \u00c9criture sainte est l'endroit accept\u00e9e pour trouver de l'aide \u00e0 la vie </ p> <p> <strong> moyenne:. </ strong> Il y a une certaine acceptation que l'\u00c9criture a answers- il y a un besoin pour des produits qui aident les gens \u00e0 appliquer l'Ecriture </ p> <p> <strong> faible:. </ strong> \u00c9criture sainte n'est pas consid\u00e9r\u00e9e comme pertinente, donc nous devons travailler sur le d\u00e9veloppement de produits de l'\u00c9criture qui ne parlent aux besoins r\u00e9els les gens ont. </ p>",
    "picture": {
      "url": "explore/condition6.jpg"
    },
    "video": {
      "url": "\u00e9tat / spiritual_hunger.mp4"
    },
    "sort_index": 0,
    "category_id": 24
  },
  {
    "id": 7,
    "title": "Opposition: La libert\u00e9 de Commit",
    "code": "freedom",
    "status": 1,
    "tagline": "Les gens sont libres de suivre le Christ de tout coeur, y compris des pratiques religieuses tournant traditionnelles.",
    "short_description": "Les gens sont libres de suivre le Christ de tout coeur, y compris des pratiques religieuses tournant traditionnelles.",
    "description": "<P> Voici quelques-unes des choses qui peuvent emp\u00eacher les gens de commettre \u00e0 la foi chr\u00e9tienne: </ p> <ul> <li> Ils sont cens\u00e9s pr\u00e9server l'unit\u00e9 familiale </ li> <li> Il existe des r\u00e8gles juridiques contre. christianisme ou r\u00e8gles contre une personne changer de religion. </ li> <li> les gens ont peur de perdre des relations au sein de leur famille ou de la communaut\u00e9. </ li> <li> Ils ont des difficult\u00e9s pour changer les croyances profond\u00e9ment ancr\u00e9es. Ils ont peur des cons\u00e9quences spirituelles et physiques si elles quittent leur religion traditionnelle. Cela est souvent li\u00e9 \u00e0 la croyance que l'offre de la religion locale protection des \u00eatres mal\u00e9fiques, les gens et les activit\u00e9s. </ Li> <li> Il y a une forte opposition spirituelle. L'ennemi cherche \u00e0 entraver l'engagement avec des \u00e9critures de fa\u00e7on significative et changer la vie. </ Li> <li> Au plus il est acceptable d'\u00eatre un chr\u00e9tien nominal, mais la croissance chr\u00e9tienne n'est pas encourag\u00e9e. l'activit\u00e9 chr\u00e9tienne est consid\u00e9r\u00e9e comme un rituel sans vie, et l'apprentissage de la Bible est d\u00e9conseill\u00e9e </ li> </ ul> <h6> D'apr\u00e8s nos conversations, notre communaut\u00e9 se sent cette condition est la suivante:. </ h6> <p> <strong> forte: </ strong> Il y a peu d'obstacles \u00e0 des gens de notre communaut\u00e9 \u00e0 suivre le Christ </ p> <p> <strong> moyen:.. </ strong> Il y a des obstacles, mais le christianisme est peu tol\u00e9r\u00e9e </ p> <p> <strong> faible:. </ strong> Il y a des obstacles majeurs \u00e0 devenir ou d'\u00eatre chr\u00e9tien dans notre communaut\u00e9 </ p>",
    "picture": {
      "url": "explore/condition7.jpg"
    },
    "video": {
      "url": "\u00e9tat / freedom.mp4"
    },
    "sort_index": 0,
    "category_id": 23
  },
  {
    "id": 8,
    "title": "Partenariat: Engagement communautaire",
    "code": "partnership",
    "status": 1,
    "tagline": "les chefs religieux et des organisations locales actives au sein de l'utilisation communautaire et promouvoir l'\u00c9criture et les documents connexes sous diff\u00e9rentes formes et formats.",
    "short_description": "les chefs religieux et des organisations locales actives au sein de l'utilisation communautaire et promouvoir l'\u00c9criture et les documents connexes sous diff\u00e9rentes formes et formats.",
    "description": "<P> Ce sont des signes que le partenariat contribue \u00e0 am\u00e9liorer l'utilisation des \u00c9critures: </ p> <ul> <li> L'\u00e9glise locale elle-m\u00eame consid\u00e8re le propri\u00e9taire du processus de traduire l'\u00c9criture et l'\u00c9criture r\u00e9sultant </. li> <li> direction de l'\u00e9glise locale consid\u00e8re les projets de langue locale de traduction de la Bible et de nouveaux produits de l'\u00c9criture dans le cadre de leurs propres minist\u00e8res. </ li> <li> traductions dans la langue locale de l'\u00c9criture sont consid\u00e9r\u00e9s comme appartenant \u00e0 toutes les \u00e9glises et non seulement \u00e0 une seule confession ou . organisation </ li> <li> La communaut\u00e9 se sent \u00e0 l'aise pour diriger, prendre des d\u00e9cisions et de planifier d'une mani\u00e8re qui correspondent \u00e0 leur culture </ li> </ ul> <h6> d'apr\u00e8s nos conversations, notre communaut\u00e9 se sent cette condition est.: </ h6> <p> <strong> Strong:. </ strong> l'\u00e9glise locale et son soutien au leadership de l'utilisation de l'\u00c9criture dans les langues locales </ p> <p> <strong> moyen: </ strong> Il est . conscience de la n\u00e9cessit\u00e9, mais l'\u00e9glise ne favorise pas l'\u00c9criture dans nos langues locales </ p> <p> <strong> faible: </ strong> l'\u00e9glise et ses dirigeants ne voient pas le n EED pour l'\u00c9criture dans les langues locales. Les d\u00e9nominations locales et les organisations chr\u00e9tiennes ne sont pas unis dans la promotion de la traduction ou l'utilisation de l'\u00c9criture dans les langues locales. </ P>",
    "picture": {
      "url": "explore/condition8.jpg"
    },
    "video": {
      "url": "\u00e9tat / partnership.mp4"
    },
    "sort_index": 0,
    "category_id": 26
  }
]