[
  {
    "id": 1,
    "code": "#7F8A91",
    "title": "Rencontre avec les dirigeants, les utilisateurs potentiels, partageant les m\u00eames id\u00e9es",
    "body": "organisations et d'autres qui pourraient \u00eatre int\u00e9ress\u00e9s \u00e0 susciter l'int\u00e9r\u00eat / la vision et de l'unit\u00e9. Sujets possibles: Expliquer le probl\u00e8me que vous voulez r\u00e9soudre, entendre la vision de chaque personne / org, Pr\u00e9sentez id\u00e9e de produit, discuter de ce que le projet aura besoin pour r\u00e9ussir, ce que chaque personne / org pourrait contribuer et qui d'autre devrait \u00eatre impliqu\u00e9.",
    "sort_index": 0
  },
  {
    "id": 2,
    "code": "#E2AD7F",
    "title": "organisation de contact qui g\u00e8re le produit",
    "body": "qui vous int\u00e9resse pour voir comment ils pourraient vous aider \u00e0 d\u00e9marrer. Renseignez-vous sur le financement / finances, processus de d\u00e9veloppement de produits, la formation, les ressources humaines n\u00e9cessaires, le soutien technique, le calendrier",
    "sort_index": 0
  },
  {
    "id": 3,
    "code": "#B074A2",
    "title": "D\u00e9cider qui l'\u00e9quipe id\u00e9ale serait",
    "body": "chef de file, les travailleurs, les experts et les conseillers qui travailleront sur le d\u00e9veloppement du produit, parler avec chacun d'\u00e9tablir l'engagement",
    "sort_index": 0
  },
  {
    "id": 4,
    "code": "#89B797",
    "title": "Attribuer personnes sp\u00e9cifiques pour vous assurer que le produit s'utilis\u00e9",
    "body": "Selon le produit de ces personnes pourraient \u00eatre responsables de la distribution, la publicit\u00e9, la promotion, l'organisation d'\u00e9v\u00e9nements du minist\u00e8re, ou d'utiliser le produit dans leurs \u00e9glises ou communaut\u00e9s.",
    "sort_index": 0
  },
  {
    "id": 5,
    "code": "#81DEDB",
    "title": "Assurez-vous que ce minist\u00e8re est pri\u00e9 pour r\u00e9guli\u00e8rement",
    "body": "D\u00e9velopper une \u00e9quipe de strat\u00e9gie de pri\u00e8re et le calendrier",
    "sort_index": 0
  },
  {
    "id": 6,
    "code": "#DAC292",
    "title": "D\u00e9cider de la r\u00e9union et le calendrier de travail ??",
    "body": "Mettre en place des param\u00e8tres de travail ... plus s'il vous pla\u00eet. Est-ce pas ce que la feuille de route est en train de faire?",
    "sort_index": 0
  },
  {
    "id": 7,
    "code": "#9C7D73",
    "title": "D\u00e9cider qui et quand pour cr\u00e9er le budget, y compris",
    "body": "tout de l'espace lou\u00e9, salaire, \u00e9quipement, formation, Voyage, mat\u00e9riel, externalisation de t\u00e2ches, la promotion, la distribution] Alias: Projet de budget",
    "sort_index": 0
  },
  {
    "id": 8,
    "code": "#72A79F",
    "title": "Finaliser notre feuille de route compte tenu d'autres responsabilit\u00e9s",
    "body": "de votre \u00e9quipe et ins\u00e9rez-les pour vous assurer que votre timing est r\u00e9aliste.",
    "sort_index": 0
  },
  {
    "id": 9,
    "code": "#B3B3B3",
    "title": "Trouvez des propositions, bailleurs de fonds potentiels d'\u00e9criture",
    "body": "promouvoir le besoin",
    "sort_index": 0
  },
  {
    "id": 10,
    "code": "#EFC171",
    "title": "D\u00e9cider la date de d\u00e9but. Lorsque nous wan",
    "body": "tout ce que nous pr\u00e9voyons de faire pour commencer.",
    "sort_index": 0
  },
  {
    "id": 11,
    "code": "#CDADD7",
    "title": "Date d'\u00e9tablir un calendrier de formation, d\u00e9cider qui, quoi et quand",
    "body": "de la formation qui doit avoir lieu pour mener \u00e0 bien ce projet. Vous pouvez ajouter des \u00e9v\u00e9nements de formation sp\u00e9cifiques sur le bouton Ajouter ci-dessous.",
    "sort_index": 0
  },
  {
    "id": 12,
    "code": "#7CA6B9",
    "title": "Partager 1er trimestre Rapport d'\u00e9tape avec des photos, des vid\u00e9os et des histoires",
    "body": "communiquer les r\u00e9ussites, l'impact, les c\u00e9l\u00e9brations, ainsi que, des d\u00e9fis, des ajustements et une mise \u00e0 jour financi\u00e8re pour le 1er trimestre. Cela le rapport Oct / Nov / Dec si le travail \u00e9tait en cours, sinon, passez. Conservez une liste de ceux que vous voulez partager avec les parties prenantes telles que l'\u00e9glise et le plomb",
    "sort_index": 0
  },
  {
    "id": 13,
    "code": "#E9ACAC",
    "title": "Partager 2\u00e8me trimestre Rapport d'\u00e9tape avec des photos, des vid\u00e9os et des histoires",
    "body": "communiquer les r\u00e9ussites, l'impact, les c\u00e9l\u00e9brations, ainsi que, des d\u00e9fis, des ajustements et une mise \u00e0 jour financi\u00e8re pour le 2\u00e8me trimestre. Cela le rapport de janvier / f\u00e9vrier / mars si le travail \u00e9tait en cours, sinon, passez.",
    "sort_index": 0
  },
  {
    "id": 14,
    "code": "#CFA37B",
    "title": "Partager 3\u00e8me trimestre Rapport d'\u00e9tape avec des photos, des vid\u00e9os et des histoires",
    "body": "communiquer les r\u00e9ussites, l'impact, les c\u00e9l\u00e9brations, ainsi que, des d\u00e9fis, des ajustements et une mise \u00e0 jour financi\u00e8re pour le 3\u00e8me trimestre. Cela rapport le avr / mai / Jjune si le travail \u00e9tait en cours, sinon, passez.",
    "sort_index": 0
  },
  {
    "id": 15,
    "code": "#768E9F",
    "title": "Partager 4\u00e8me trimestre Rapport d'\u00e9tape avec des photos, des vid\u00e9os et des histoires",
    "body": "communiquer les r\u00e9ussites, l'impact, les c\u00e9l\u00e9brations, ainsi que, des d\u00e9fis, des ajustements et une mise \u00e0 jour financi\u00e8re for4th trimestre. Cela le rapport juillet / ao\u00fbt / sept si le travail \u00e9tait en cours, sinon, passez.",
    "sort_index": 0
  },
  {
    "id": 16,
    "code": "#F17171",
    "title": "La date \u00e0 laquelle nous voulons \u00eatre termin\u00e9",
    "body": "avec tout ce que nous pr\u00e9voyons de faire.",
    "sort_index": 0
  },
  {
    "id": 17,
    "code": "#BBDA71",
    "title": "Avez-r\u00e9union pour examiner le produit et son utilisation",
    "body": "et quels changements devraient \u00eatre faits ou quelles prochaines mesures devraient \u00eatre prises. Inviter des utilisateurs \u00e0 donner des t\u00e9moignages.",
    "sort_index": 0
  },
  {
    "id": 18,
    "code": "#AD9BAC",
    "title": "C\u00e9l\u00e9brez ce que Dieu a fait",
    "body": "Certaines choses que vous pourriez faire: avoir une d\u00e9dicace du produit, une f\u00eate de fin de projet, faire une vid\u00e9o de ce que Dieu fait \u00e0 travers le produit, apr\u00e8s sur Facebook",
    "sort_index": 0
  }
]